'no,href,mongon,price
0,1,1,丸石,丸石,ふらっか〜ず,ふらっか〜ず,ふらっか〜ずココッティ アシスト,ふらっか〜ずココッティ アシスト,0,0,ASFRR203Y,ASFRR203Y,0000-00-00,0000-00-00,2021,2021,/2021/ius,/2021/ius,0,0,/(ふらっか〜ず|ふらっかーず|フラッカーズ)[\\\\s・]?ココッティ[\\\\s・]アシスト/isu,/(ふらっか〜ず|ふらっかーず|フラッカーズ)[\\\\s・]?ココッティ[\\\\s・]アシスト/isu,,,20,20,1,1,20×1.95,20×1.95,マットミント,マットミント,/マットミント/ius,/マットミント/ius,125000,125000,36,36,10.4,10.4,32,32,80,80,55,55,44,44,内装3段,内装3段,142,142,155,155,770,770,クラス27標準装備,クラス27標準装備,0,0,0,0,2021-07-27,2021-07-27
1,2,2,丸石,丸石,ふらっか〜ず,ふらっか〜ず,ふらっか〜ずココッティ アシスト,ふらっか〜ずココッティ アシスト,0,0,ASFRR203Y,ASFRR203Y,0000-00-00,0000-00-00,2021,2021,/2021/ius,/2021/ius,0,0,/(ふらっか〜ず|ふらっかーず|フラッカーズ)[\\\\s・]?ココッティ[\\\\s・]アシスト/isu,/(ふらっか〜ず|ふらっかーず|フラッカーズ)[\\\\s・]?ココッティ[\\\\s・]アシスト/isu,,,20,20,1,1,20×1.95,20×1.95,インクブルー,インクブルー,/インクブルー/ius,/インクブルー/ius,125000,125000,36,36,10.4,10.4,32,32,80,80,55,55,44,44,内装3段,内装3段,142,142,155,155,770,770,クラス27標準装備,クラス27標準装備,0,0,0,0,2021-07-27,2021-07-27
2,3,3,丸石,丸石,ふらっか〜ず,ふらっか〜ず,ふらっか〜ずココッティ アシスト,ふらっか〜ずココッティ アシスト,0,0,ASFRR203Y,ASFRR203Y,0000-00-00,0000-00-00,2021,2021,/2021/ius,/2021/ius,0,0,/(ふらっか〜ず|ふらっかーず|フラッカーズ)[\\\\s・]?ココッティ[\\\\s・]アシスト/isu,/(ふらっか〜ず|ふらっかーず|フラッカーズ)[\\\\s・]?ココッティ[\\\\s・]アシスト/isu,,,20,20,1,1,20×1.95,20×1.95,メタリックブラウン,メタリックブラウン,/メタリックブラウン/ius,/メタリックブラウン/ius,125000,125000,36,36,10.4,10.4,32,32,80,80,55,55,44,44,内装3段,内装3段,142,142,155,155,770,770,クラス27標準装備,クラス27標準装備,0,0,0,0,2021-07-27,2021-07-27
3,4,4,丸石,丸石,ふらっか〜ず,ふらっか〜ず,ふらっか〜ずシュシュ アシスト,ふらっか〜ずシュシュ アシスト,0,0,ASFRCH203E,ASFRCH203E,0000-00-00,0000-00-00,2021,2021,/2021/ius,/2021/ius,0,0,/(ふらっか〜ず|ふらっかーず|フラッカーズ)[\\\\s・]?シュシュ[\\\\s・]アシスト/isu,/(ふらっか〜ず|ふらっかーず|フラッカーズ)[\\\\s・]?シュシュ[\\\\s・]アシスト/isu,,,20,20,1,1,20×1.95,20×1.95,ターコイズブルー,ターコイズブルー,/ターコイズブルー/ius,/ターコイズブルー/ius,125000,125000,36,36,10.4,10.4,30.5,30.5,80,80,55,55,44,44,内装3段,内装3段,142,142,155,155,770,770,クラス27標準装備,クラス27標準装備,0,0,0,0,2021-07-27,2021-07-27
4,5,5,丸石,丸石,ふらっか〜ず,ふらっか〜ず,ふらっか〜ずシュシュ アシスト,ふらっか〜ずシュシュ アシスト,0,0,ASFRCH203E,ASFRCH203E,0000-00-00,0000-00-00,2021,2021,/2021/ius,/2021/ius,0,0,/(ふらっか〜ず|ふらっかーず|フラッカーズ)[\\\\s・]?シュシュ[\\\\s・]アシスト/isu,/(ふらっか〜ず|ふらっかーず|フラッカーズ)[\\\\s・]?シュシュ[\\\\s・]アシスト/isu,,,20,20,1,1,20×1.95,20×1.95,マットブラック,マットブラック,/マットブラック/ius,/マットブラック/ius,125000,125000,36,36,10.4,10.4,30.5,30.5,80,80,55,55,44,44,内装3段,内装3段,142,142,155,155,770,770,クラス27標準装備,クラス27標準装備,0,0,0,0,2021-07-27,2021-07-27
5,6,6,丸石,丸石,ふらっか〜ず,ふらっか〜ず,ふらっか〜ずシュシュ アシスト,ふらっか〜ずシュシュ アシスト,0,0,ASFRCH203E,ASFRCH203E,0000-00-00,0000-00-00,2021,2021,/2021/ius,/2021/ius,0,0,/(ふらっか〜ず|ふらっかーず|フラッカーズ)[\\\\s・]?シュシュ[\\\\s・]アシスト/isu,/(ふらっか〜ず|ふらっかーず|フラッカーズ)[\\\\s・]?シュシュ[\\\\s・]アシスト/isu,,,20,20,1,1,20×1.95,20×1.95,バーミリオンレッド,バーミリオンレッド,/バーミリオンレッド/ius,/バーミリオンレッド/ius,125000,125000,36,36,10.4,10.4,30.5,30.5,80,80,55,55,44,44,内装3段,内装3段,142,142,155,155,770,770,クラス27標準装備,クラス27標準装備,0,0,0,0,2021-07-27,2021-07-27
6,7,7,ヤマハ,ヤマハ,PAS Kiss,PAS Kiss,PAS Kiss mini un,PAS Kiss mini un,0,0,PA20KXL,PA20KXL,0000-00-00,0000-00-00,2021,2021,/2021/ius,/2021/ius,0,0,/pas.*?kiss[\\\\s・]?mini[\\\\s・]?un/iu,/pas.*?kiss[\\\\s・]?mini[\\\\s・]?un/iu,,,20,20,1,1,20×2.125HE,20×2.125HE,マットカフェベージュ,マットカフェベージュ,/マットカフェベージュ/ius,/マットカフェベージュ/ius,144000,144000,25.5,25.5,12.3,12.3,30.6,30.6,62,62,47,47,42,42,内装3段,内装3段,142,142,146,146,730,730,クラス27標準装備,クラス27標準装備,0,0,0,0,2021-08-02,2021-08-02
7,8,8,ヤマハ,ヤマハ,PAS Kiss,PAS Kiss,PAS Kiss mini un,PAS Kiss mini un,0,0,PA20KXL,PA20KXL,0000-00-00,0000-00-00,2021,2021,/2021/ius,/2021/ius,0,0,/pas.*?kiss[\\\\s・]?mini[\\\\s・]?un/iu,/pas.*?kiss[\\\\s・]?mini[\\\\s・]?un/iu,,,20,20,1,1,20×2.125HE,20×2.125HE,マットブラック2,マットブラック2,/マットブラック2/ius,/マットブラック2/ius,144000,144000,25.5,25.5,12.3,12.3,30.6,30.6,62,62,47,47,42,42,内装3段,内装3段,142,142,146,146,730,730,クラス27標準装備,クラス27標準装備,0,0,0,0,2021-08-02,2021-08-02
8,9,9,ヤマハ,ヤマハ,PAS Kiss,PAS Kiss,PAS Kiss mini un sp,PAS Kiss mini un sp,0,0,PA20KSP,PA20KSP,0000-00-00,0000-00-00,2021,2021,/2021/ius,/2021/ius,0,0,/pas.*?kiss[\\\\s・]?mini[\\\\s・]?un[\\\\s・](sp|スーパー)/iu,/pas.*?kiss[\\\\s・]?mini[\\\\s・]?un[\\\\s・](sp|スーパー)/iu,,,20,20,1,1,20×2.125HE,20×2.125HE,パウダーブルー2,パウダーブルー2,/パウダーブルー2/ius,/パウダーブルー2/ius,148000,148000,25.5,25.5,15.4,15.4,31.2,31.2,78,78,59,59,53,53,内装3段,内装3段,142,142,146,146,730,730,クラス27標準装備,クラス27標準装備,0,0,0,0,2021-08-02,2021-08-02
9,10,10,ヤマハ,ヤマハ,PAS Kiss,PAS Kiss,PAS Kiss mini un sp,PAS Kiss mini un sp,0,0,PA20KSP,PA20KSP,0000-00-00,0000-00-00,2021,2021,/2021/ius,/2021/ius,0,0,/pas.*?kiss[\\\\s・]?mini[\\\\s・]?un[\\\\s・](sp|スーパー)/iu,/pas.*?kiss[\\\\s・]?mini[\\\\s・]?un[\\\\s・](sp|スーパー)/iu,,,20,20,1,1,20×2.125HE,20×2.125HE,マットアンバー,マットアンバー,/マットアンバー/ius,/マットアンバー/ius,148000,148000,25.5,25.5,15.4,15.4,31.2,31.2,78,78,59,59,53,53,内装3段,内装3段,142,142,146,146,730,730,クラス27標準装備,クラス27標準装備,0,0,0,0,2021-08-02,2021-08-02
10,11,11,ヤマハ,ヤマハ,PAS Kiss,PAS Kiss,PAS Kiss mini un sp,PAS Kiss mini un sp,0,0,PA20KSP,PA20KSP,0000-00-00,0000-00-00,2021,2021,/2021/ius,/2021/ius,0,0,/pas.*?kiss[\\\\s・]?mini[\\\\s・]?un[\\\\s・](sp|スーパー)/iu,/pas.*?kiss[\\\\s・]?mini[\\\\s・]?un[\\\\s・](sp|スーパー)/iu,,,20,20,1,1,20×2.125HE,20×2.125HE,スモークイエロー,スモークイエロー,/スモークイエロー/ius,/スモークイエロー/ius,148000,148000,25.5,25.5,15.4,15.4,31.2,31.2,78,78,59,59,53,53,内装3段,内装3段,142,142,146,146,730,730,クラス27標準装備,クラス27標準装備,0,0,0,0,2021-08-02,2021-08-02
11,12,12,ヤマハ,ヤマハ,PAS Kiss,PAS Kiss,PAS Kiss mini un sp,PAS Kiss mini un sp,0,0,PA20KSP,PA20KSP,0000-00-00,0000-00-00,2021,2021,/2021/ius,/2021/ius,0,0,/pas.*?kiss[\\\\s・]?mini[\\\\s・]?un[\\\\s・](sp|スーパー)/iu,/pas.*?kiss[\\\\s・]?mini[\\\\s・]?un[\\\\s・](sp|スーパー)/iu,,,20,20,1,1,20×2.125HE,20×2.125HE,マットカフェベージュ,マットカフェベージュ,/マットカフェベージュ/ius,/マットカフェベージュ/ius,148000,148000,25.5,25.5,15.4,15.4,31.2,31.2,78,78,59,59,53,53,内装3段,内装3段,142,142,146,146,730,730,クラス27標準装備,クラス27標準装備,0,0,0,0,2021-08-02,2021-08-02
12,13,13,ヤマハ,ヤマハ,PAS Kiss,PAS Kiss,PAS Kiss mini un sp,PAS Kiss mini un sp,0,0,PA20KSP,PA20KSP,0000-00-00,0000-00-00,2021,2021,/2021/ius,/2021/ius,0,0,/pas.*?kiss[\\\\s・]?mini[\\\\s・]?un[\\\\s・](sp|スーパー)/iu,/pas.*?kiss[\\\\s・]?mini[\\\\s・]?un[\\\\s・](sp|スーパー)/iu,,,20,20,1,1,20×2.125HE,20×2.125HE,ピュアパールホワイト,ピュアパールホワイト,/ピュアパールホワイト/ius,/ピュアパールホワイト/ius,148000,148000,25.5,25.5,15.4,15.4,31.2,31.2,78,78,59,59,53,53,内装3段,内装3段,142,142,146,146,730,730,クラス27標準装備,クラス27標準装備,0,0,0,0,2021-08-02,2021-08-02
13,14,14,ヤマハ,ヤマハ,PAS Kiss,PAS Kiss,PAS Kiss mini un sp,PAS Kiss mini un sp,0,0,PA20KSP,PA20KSP,0000-00-00,0000-00-00,2021,2021,/2021/ius,/2021/ius,0,0,/pas.*?kiss[\\\\s・]?mini[\\\\s・]?un[\\\\s・](sp|スーパー)/iu,/pas.*?kiss[\\\\s・]?mini[\\\\s・]?un[\\\\s・](sp|スーパー)/iu,,,20,20,1,1,20×2.125HE,20×2.125HE,マットブラック2,マットブラック2,/マットブラック2/ius,/マットブラック2/ius,148000,148000,25.5,25.5,15.4,15.4,31.2,31.2,78,78,59,59,53,53,内装3段,内装3段,142,142,146,146,730,730,クラス27標準装備,クラス27標準装備,0,0,0,0,2021-08-02,2021-08-02
14,15,15,ヤマハ,ヤマハ,PAS Crew,PAS Crew,PAS Crew,PAS Crew,0,0,PA24C,PA24C,0000-00-00,0000-00-00,2021,2021,/2021/ius,/2021/ius,0,0,/pas[\\\\s・]?Crew/ius,/pas[\\\\s・]?Crew/ius,,,24,24,1,1,24×2.0HE,24×2.0HE,マットアンバー2,マットアンバー2,/マットアンバー2/ius,/マットアンバー2/ius,153000,153000,25.5,25.5,15.4,15.4,35.4,35.4,78,78,60,60,56,56,内装3段,内装3段,145,145,150,150,745,745,クラス27標準装備,クラス27標準装備,0,0,0,0,2021-08-02,2021-08-02
15,16,16,ヤマハ,ヤマハ,PAS Crew,PAS Crew,PAS Crew,PAS Crew,0,0,PA24C,PA24C,0000-00-00,0000-00-00,2021,2021,/2021/ius,/2021/ius,0,0,/pas[\\\\s・]?Crew/ius,/pas[\\\\s・]?Crew/ius,,,24,24,1,1,24×2.0HE,24×2.0HE,マットブラック,マットブラック,/マットブラック/ius,/マットブラック/ius,153000,153000,25.5,25.5,15.4,15.4,35.4,35.4,78,78,60,60,56,56,内装3段,内装3段,145,145,150,150,745,745,クラス27標準装備,クラス27標準装備,0,0,0,0,2021-08-02,2021-08-02
16,17,17,ヤマハ,ヤマハ,PAS Crew,PAS Crew,PAS Crew,PAS Crew,0,0,PA24C,PA24C,0000-00-00,0000-00-00,2021,2021,/2021/ius,/2021/ius,0,0,/pas[\\\\s・]?Crew/ius,/pas[\\\\s・]?Crew/ius,,,24,24,1,1,24×2.0HE,24×2.0HE,パウダーブルー,パウダーブルー,/パウダーブルー/ius,/パウダーブルー/ius,153000,153000,25.5,25.5,15.4,15.4,35.4,35.4,78,78,60,60,56,56,内装3段,内装3段,145,145,150,150,745,745,クラス27標準装備,クラス27標準装備,0,0,0,0,2021-08-02,2021-08-02
17,18,18,ヤマハ,ヤマハ,PAS Babby,PAS Babby,PAS Babby un,PAS Babby un,0,0,PA20BXL,PA20BXL,0000-00-00,0000-00-00,2021,2021,/20(20|21)/ius,/20(20|21)/ius,0,0,/pas.*babby[\\\\s・]?un/iu,/pas.*babby[\\\\s・]?un/iu,,,20,20,1,1,20×2.125HE,20×2.125HE,ピュアホワイト,ピュアホワイト,/ピュアホワイト/ius,/ピュアホワイト/ius,127000,127000,25.5,25.5,12.3,12.3,27.5,27.5,60,60,46,46,41,41,内装3段,内装3段,142,142,146,146,730,730,クラス27標準装備,クラス27標準装備,0,0,0,0,0000-00-00,0000-00-00
18,19,19,ヤマハ,ヤマハ,PAS Babby,PAS Babby,PAS Babby un,PAS Babby un,0,0,PA20BXL,PA20BXL,0000-00-00,0000-00-00,2021,2021,/20(20|21)/ius,/20(20|21)/ius,0,0,/pas.*babby[\\\\s・]?un/iu,/pas.*babby[\\\\s・]?un/iu,,,20,20,1,1,20×2.125HE,20×2.125HE,ブラック,ブラック,/ブラック/ius,/ブラック/ius,127000,127000,25.5,25.5,12.3,12.3,27.5,27.5,60,60,46,46,41,41,内装3段,内装3段,142,142,146,146,730,730,クラス27標準装備,クラス27標準装備,0,0,0,0,0000-00-00,0000-00-00
19,20,20,ヤマハ,ヤマハ,PAS Babby,PAS Babby,PAS Babby un SPリヤチャイルドシート標準装備モデル,PAS Babby un SPリヤチャイルドシート標準装備モデル,0,0,PA20BSPR,PA20BSPR,0000-00-00,0000-00-00,2021,2021,/20(20|21)/ius,/20(20|21)/ius,0,0,/pas.*babby[\\\\s・]?un[\\\\s・]?SP[\\\\s・]?リヤチャイルドシート(標準装備|付)/iu,/pas.*babby[\\\\s・]?un[\\\\s・]?SP[\\\\s・]?リヤチャイルドシート(標準装備|付)/iu,,,20,20,1,1,20×2.125HE,20×2.125HE,マットアンバー,マットアンバー,/マットアンバー/ius,/マットアンバー/ius,142000,142000,25.5,25.5,15.4,15.4,32.9,32.9,75,75,58,58,51,51,内装3段,内装3段,142,142,146,146,730,730,クラス27標準装備,クラス27標準装備,0,0,0,0,0000-00-00,0000-00-00
20,21,21,ヤマハ,ヤマハ,PAS Babby,PAS Babby,PAS Babby un SPリヤチャイルドシート標準装備モデル,PAS Babby un SPリヤチャイルドシート標準装備モデル,0,0,PA20BSPR,PA20BSPR,0000-00-00,0000-00-00,2021,2021,/20(20|21)/ius,/20(20|21)/ius,0,0,/pas.*babby[\\\\s・]?un[\\\\s・]?SP[\\\\s・]?リヤチャイルドシート(標準装備|付)/iu,/pas.*babby[\\\\s・]?un[\\\\s・]?SP[\\\\s・]?リヤチャイルドシート(標準装備|付)/iu,,,20,20,1,1,20×2.125HE,20×2.125HE,パウダーブルー2,パウダーブルー2,/パウダーブルー2/ius,/パウダーブルー2/ius,142000,142000,25.5,25.5,15.4,15.4,32.9,32.9,75,75,58,58,51,51,内装3段,内装3段,142,142,146,146,730,730,クラス27標準装備,クラス27標準装備,0,0,0,0,0000-00-00,0000-00-00
21,22,22,ヤマハ,ヤマハ,PAS Babby,PAS Babby,PAS Babby un SPリヤチャイルドシート標準装備モデル,PAS Babby un SPリヤチャイルドシート標準装備モデル,0,0,PA20BSPR,PA20BSPR,0000-00-00,0000-00-00,2021,2021,/20(20|21)/ius,/20(20|21)/ius,0,0,/pas.*babby[\\\\s・]?un[\\\\s・]?SP[\\\\s・]?リヤチャイルドシート(標準装備|付)/iu,/pas.*babby[\\\\s・]?un[\\\\s・]?SP[\\\\s・]?リヤチャイルドシート(標準装備|付)/iu,,,20,20,1,1,20×2.125HE,20×2.125HE,コーラルレッド,コーラルレッド,/コーラルレッド/ius,/コーラルレッド/ius,142000,142000,25.5,25.5,15.4,15.4,32.9,32.9,75,75,58,58,51,51,内装3段,内装3段,142,142,146,146,730,730,クラス27標準装備,クラス27標準装備,0,0,0,0,0000-00-00,0000-00-00
22,23,23,ヤマハ,ヤマハ,PAS Babby,PAS Babby,PAS Babby un SPリヤチャイルドシート標準装備モデル,PAS Babby un SPリヤチャイルドシート標準装備モデル,0,0,PA20BSPR,PA20BSPR,0000-00-00,0000-00-00,2021,2021,/20(20|21)/ius,/20(20|21)/ius,0,0,/pas.*babby[\\\\s・]?un[\\\\s・]?SP[\\\\s・]?リヤチャイルドシート(標準装備|付)/iu,/pas.*babby[\\\\s・]?un[\\\\s・]?SP[\\\\s・]?リヤチャイルドシート(標準装備|付)/iu,,,20,20,1,1,20×2.125HE,20×2.125HE,マットカフェベージュ,マットカフェベージュ,/マットカフェベージュius,/マットカフェベージュius,142000,142000,25.5,25.5,15.4,15.4,32.9,32.9,75,75,58,58,51,51,内装3段,内装3段,142,142,146,146,730,730,クラス27標準装備,クラス27標準装備,0,0,0,0,0000-00-00,0000-00-00
23,24,24,ヤマハ,ヤマハ,PAS Babby,PAS Babby,PAS Babby un SPリヤチャイルドシート標準装備モデル,PAS Babby un SPリヤチャイルドシート標準装備モデル,0,0,PA20BSPR,PA20BSPR,0000-00-00,0000-00-00,2021,2021,/20(20|21)/ius,/20(20|21)/ius,0,0,/pas.*babby[\\\\s・]?un[\\\\s・]?SP[\\\\s・]?リヤチャイルドシート(標準装備|付)/iu,/pas.*babby[\\\\s・]?un[\\\\s・]?SP[\\\\s・]?リヤチャイルドシート(標準装備|付)/iu,,,20,20,1,1,20×2.125HE,20×2.125HE,マットブラック2,マットブラック2,/マットブラック2/ius,/マットブラック2/ius,142000,142000,25.5,25.5,15.4,15.4,32.9,32.9,75,75,58,58,51,51,内装3段,内装3段,142,142,146,146,730,730,クラス27標準装備,クラス27標準装備,0,0,0,0,0000-00-00,0000-00-00
24,25,25,ヤマハ,ヤマハ,PAS Babby,PAS Babby,PAS Babby un SPリヤチャイルドシート標準装備モデル,PAS Babby un SPリヤチャイルドシート標準装備モデル,0,0,PA20BSPR,PA20BSPR,0000-00-00,0000-00-00,2021,2021,/20(20|21)/ius,/20(20|21)/ius,0,0,/pas.*babby[\\\\s・]?un[\\\\s・]?SP[\\\\s・]?リヤチャイルドシート(標準装備|付)/iu,/pas.*babby[\\\\s・]?un[\\\\s・]?SP[\\\\s・]?リヤチャイルドシート(標準装備|付)/iu,,,20,20,1,1,20×2.125HE,20×2.125HE,ソリッドグレー,ソリッドグレー,/ソリッドグレー/ius,/ソリッドグレー/ius,142000,142000,25.5,25.5,15.4,15.4,32.9,32.9,75,75,58,58,51,51,内装3段,内装3段,142,142,146,146,730,730,クラス27標準装備,クラス27標準装備,0,0,0,0,0000-00-00,0000-00-00
25,26,26,ヤマハ,ヤマハ,PAS Babby,PAS Babby,PAS Babby unリヤチャイルドシート標準装備モデル,PAS Babby unリヤチャイルドシート標準装備モデル,0,0,PA20BXLR,PA20BXLR,0000-00-00,0000-00-00,2021,2021,/20(20|21)/ius,/20(20|21)/ius,0,0,/pas.*babby[\\\\s・]?un.*チャイルドシート(標準装備|付)/iu,/pas.*babby[\\\\s・]?un.*チャイルドシート(標準装備|付)/iu,,,20,20,1,1,20×2.125HE,20×2.125HE,マットカフェベージュ,マットカフェベージュ,/マットカフェベージュ/ius,/マットカフェベージュ/ius,138000,138000,25.5,25.5,12.3,12.3,32.2,32.2,60,60,46,46,41,41,内装3段,内装3段,142,142,146,146,730,730,クラス27標準装備,クラス27標準装備,0,0,0,0,0000-00-00,0000-00-00
26,27,27,ヤマハ,ヤマハ,PAS Babby,PAS Babby,PAS Babby unリヤチャイルドシート標準装備モデル,PAS Babby unリヤチャイルドシート標準装備モデル,0,0,PA20BXLR,PA20BXLR,0000-00-00,0000-00-00,2021,2021,/20(20|21)/ius,/20(20|21)/ius,0,0,/pas.*babby[\\\\s・]?un.*チャイルドシート(標準装備|付)/iu,/pas.*babby[\\\\s・]?un.*チャイルドシート(標準装備|付)/iu,,,20,20,1,1,20×2.125HE,20×2.125HE,マットブラック2,マットブラック2,/マットブラック2/ius,/マットブラック2/ius,138000,138000,25.5,25.5,12.3,12.3,32.2,32.2,60,60,46,46,41,41,内装3段,内装3段,142,142,146,146,730,730,クラス27標準装備,クラス27標準装備,0,0,0,0,0000-00-00,0000-00-00
27,28,28,ブリヂストン,ブリヂストン,アシスタC,アシスタC,アシスタC STD,アシスタC STD,0,0,CC0C31,CC0C31,0000-00-00,0000-00-00,2021,2021,/2021/ius,/2021/ius,0,0,/アシスタ[\\\\s・]?(c|C)[\\\\s・]?(STD|ＳＴＤ|スタンダード)/ius,/アシスタ[\\\\s・]?(c|C)[\\\\s・]?(STD|ＳＴＤ|スタンダード)/ius,,,20,20,0,0,20×1.95/20×2.125,20×1.95/20×2.125,T.Xアンバーブラック,T.Xアンバーブラック,/アンバーブラック/ius,/アンバーブラック/ius,129800,129800,25.5,25.5,12.3,12.3,31.5,31.5,61,61,53,53,46,46,内装3段,内装3段,144,144,155,155,735,735,クラス27標準装備,クラス27標準装備,0,0,0,0,2021-08-12,2021-08-12
28,29,29,ブリヂストン,ブリヂストン,アシスタC,アシスタC,アシスタC STD,アシスタC STD,0,0,CC0C31,CC0C31,0000-00-00,0000-00-00,2021,2021,/2021/ius,/2021/ius,0,0,/アシスタ[\\\\s・]?(c|C)[\\\\s・]?(STD|ＳＴＤ|スタンダード)/ius,/アシスタ[\\\\s・]?(c|C)[\\\\s・]?(STD|ＳＴＤ|スタンダード)/ius,,,20,20,0,0,20×1.95/20×2.125,20×1.95/20×2.125,T.Xサファイヤブルー,T.Xサファイヤブルー,/サファイヤブルー/ius,/サファイヤブルー/ius,129800,129800,25.5,25.5,12.3,12.3,31.5,31.5,61,61,53,53,46,46,内装3段,内装3段,144,144,155,155,735,735,クラス27標準装備,クラス27標準装備,0,0,0,0,2021-08-12,2021-08-12
29,30,30,ブリヂストン,ブリヂストン,アシスタC,アシスタC,アシスタC STD,アシスタC STD,0,0,CC0C31,CC0C31,0000-00-00,0000-00-00,2021,2021,/2021/ius,/2021/ius,0,0,/アシスタ[\\\\s・]?(c|C)[\\\\s・]?(STD|ＳＴＤ|スタンダード)/ius,/アシスタ[\\\\s・]?(c|C)[\\\\s・]?(STD|ＳＴＤ|スタンダード)/ius,,,20,20,0,0,20×1.95/20×2.125,20×1.95/20×2.125,T.XHカーキ,T.XHカーキ,/カーキ/ius,/カーキ/ius,129800,129800,25.5,25.5,12.3,12.3,31.5,31.5,61,61,53,53,46,46,内装3段,内装3段,144,144,155,155,735,735,クラス27標準装備,クラス27標準装備,0,0,0,0,2021-08-12,2021-08-12
30,31,31,ブリヂストン,ブリヂストン,アシスタC,アシスタC,アシスタC STD,アシスタC STD,0,0,CC0C31,CC0C31,0000-00-00,0000-00-00,2021,2021,/2021/ius,/2021/ius,0,0,/アシスタ[\\\\s・]?(c|C)[\\\\s・]?(STD|ＳＴＤ|スタンダード)/ius,/アシスタ[\\\\s・]?(c|C)[\\\\s・]?(STD|ＳＴＤ|スタンダード)/ius,,,20,20,0,0,20×1.95/20×2.125,20×1.95/20×2.125,T.Xグレイッシュミント,T.Xグレイッシュミント,/グレイッシュミント/ius,/グレイッシュミント/ius,129800,129800,25.5,25.5,12.3,12.3,31.5,31.5,61,61,53,53,46,46,内装3段,内装3段,144,144,155,155,735,735,クラス27標準装備,クラス27標準装備,0,0,0,0,2021-08-12,2021-08-12
31,32,32,ブリヂストン,ブリヂストン,アシスタC,アシスタC,アシスタC STD,アシスタC STD,0,0,CC0C31,CC0C31,0000-00-00,0000-00-00,2021,2021,/2021/ius,/2021/ius,0,0,/アシスタ[\\\\s・]?(c|C)[\\\\s・]?(STD|ＳＴＤ|スタンダード)/ius,/アシスタ[\\\\s・]?(c|C)[\\\\s・]?(STD|ＳＴＤ|スタンダード)/ius,,,20,20,0,0,20×1.95/20×2.125,20×1.95/20×2.125,T.Xチェリーローズ ,T.Xチェリーローズ ,/チェリーローズ /ius,/チェリーローズ /ius,129800,129800,25.5,25.5,12.3,12.3,31.5,31.5,61,61,53,53,46,46,内装3段,内装3段,144,144,155,155,735,735,クラス27標準装備,クラス27標準装備,0,0,0,0,2021-08-12,2021-08-12
32,33,33,ブリヂストン,ブリヂストン,ビッケ,ビッケ,ビッケ グリ dd,ビッケ グリ dd,0,0,BG0B40,BG0B40,0000-00-00,0000-00-00,2021,2021,/20(20|21)/ius,/20(20|21)/ius,0,0,/ビッケ[\\\\s・]?グリ[\\\\s・]?dd/ius,/ビッケ[\\\\s・]?グリ[\\\\s・]?dd/ius,,,24,24,0,0,24×1.75/20×2.125,24×1.75/20×2.125,E.XBKホワイト,E.XBKホワイト,/ホワイト/ius,/ホワイト/ius,148800,148800,36.5,36.5,9.9,9.9,32.3,32.3,115,115,80,80,50,50,内装3段,内装3段,142,142,152,152,725,725,クラス27標準装備,クラス27標準装備,0,0,0,0,2021-08-10,2021-08-10
33,34,34,ブリヂストン,ブリヂストン,ビッケ,ビッケ,ビッケ グリ dd,ビッケ グリ dd,0,0,BG0B40,BG0B40,0000-00-00,0000-00-00,2021,2021,/20(20|21)/ius,/20(20|21)/ius,0,0,/ビッケ[\\\\s・]?グリ[\\\\s・]?dd/ius,/ビッケ[\\\\s・]?グリ[\\\\s・]?dd/ius,,,24,24,0,0,24×1.75/20×2.125,24×1.75/20×2.125,E.XBKダークグレー ,E.XBKダークグレー ,/ダークグレー /ius,/ダークグレー /ius,148800,148800,36.5,36.5,9.9,9.9,32.3,32.3,115,115,80,80,50,50,内装3段,内装3段,142,142,152,152,725,725,クラス27標準装備,クラス27標準装備,0,0,0,0,2021-08-10,2021-08-10
34,35,35,ブリヂストン,ブリヂストン,ビッケ,ビッケ,ビッケ グリ dd,ビッケ グリ dd,0,0,BG0B40,BG0B40,0000-00-00,0000-00-00,2021,2021,/20(20|21)/ius,/20(20|21)/ius,0,0,/ビッケ[\\\\s・]?グリ[\\\\s・]?dd/ius,/ビッケ[\\\\s・]?グリ[\\\\s・]?dd/ius,,,24,24,0,0,24×1.75/20×2.125,24×1.75/20×2.125,T.Xディープグリーン,T.Xディープグリーン,/ディープグリーン/ius,/ディープグリーン/ius,148800,148800,36.5,36.5,9.9,9.9,32.3,32.3,115,115,80,80,50,50,内装3段,内装3段,142,142,152,152,725,725,クラス27標準装備,クラス27標準装備,0,0,0,0,2021-08-10,2021-08-10
35,36,36,ブリヂストン,ブリヂストン,ビッケ,ビッケ,ビッケ グリ dd,ビッケ グリ dd,0,0,BG0B40,BG0B40,0000-00-00,0000-00-00,2021,2021,/20(20|21)/ius,/20(20|21)/ius,0,0,/ビッケ[\\\\s・]?グリ[\\\\s・]?dd/ius,/ビッケ[\\\\s・]?グリ[\\\\s・]?dd/ius,,,24,24,0,0,24×1.75/20×2.125,24×1.75/20×2.125,T.Xランドベージュ,T.Xランドベージュ,/ランドベージュ/ius,/ランドベージュ/ius,148800,148800,36.5,36.5,9.9,9.9,32.3,32.3,115,115,80,80,50,50,内装3段,内装3段,142,142,152,152,725,725,クラス27標準装備,クラス27標準装備,0,0,0,0,2021-08-10,2021-08-10
36,37,37,ブリヂストン,ブリヂストン,ビッケ,ビッケ,ビッケ グリ dd,ビッケ グリ dd,0,0,BG0B40,BG0B40,0000-00-00,0000-00-00,2021,2021,/20(20|21)/ius,/20(20|21)/ius,0,0,/ビッケ[\\\\s・]?グリ[\\\\s・]?dd/ius,/ビッケ[\\\\s・]?グリ[\\\\s・]?dd/ius,,,24,24,0,0,24×1.75/20×2.125,24×1.75/20×2.125,T.Xブライトオリーブ ,T.Xブライトオリーブ ,/ブライトオリーブ /ius,/ブライトオリーブ /ius,148800,148800,36.5,36.5,9.9,9.9,32.3,32.3,115,115,80,80,50,50,内装3段,内装3段,142,142,152,152,725,725,クラス27標準装備,クラス27標準装備,0,0,0,0,2021-08-10,2021-08-10
37,38,38,ブリヂストン,ブリヂストン,ビッケ,ビッケ,ビッケ ポーラー e,ビッケ ポーラー e,0,0,BP0C40,BP0C40,0000-00-00,0000-00-00,2021,2021,/20(20|21)/ius,/20(20|21)/ius,0,0,/ビッケ[\\\\s・]?ポーラー[\\\\s・]?e/ius,/ビッケ[\\\\s・]?ポーラー[\\\\s・]?e/ius,,,20,20,0,0,20×1.95/20×2.125,20×1.95/20×2.125,E.XBKダークグレー ,E.XBKダークグレー ,/ダークグレー /ius,/ダークグレー /ius,143800,143800,25.5,25.5,15.4,15.4,30.8,30.8,78,78,63,63,56,56,内装3段,内装3段,138,138,147,147,700,700,クラス27標準装備,クラス27標準装備,0,0,0,0,2021-08-12,2021-08-12
38,39,39,ブリヂストン,ブリヂストン,ビッケ,ビッケ,ビッケ ポーラー e,ビッケ ポーラー e,0,0,BP0C40,BP0C40,0000-00-00,0000-00-00,2021,2021,/20(20|21)/ius,/20(20|21)/ius,0,0,/ビッケ[\\\\s・]?ポーラー[\\\\s・]?e/ius,/ビッケ[\\\\s・]?ポーラー[\\\\s・]?e/ius,,,20,20,0,0,20×1.95/20×2.125,20×1.95/20×2.125,E.XBKブルーグレー,E.XBKブルーグレー,/ブルーグレー/ius,/ブルーグレー/ius,143800,143800,25.5,25.5,15.4,15.4,30.8,30.8,78,78,63,63,56,56,内装3段,内装3段,138,138,147,147,700,700,クラス27標準装備,クラス27標準装備,0,0,0,0,2021-08-12,2021-08-12
39,40,40,ブリヂストン,ブリヂストン,ビッケ,ビッケ,ビッケ ポーラー e,ビッケ ポーラー e,0,0,BP0C40,BP0C40,0000-00-00,0000-00-00,2021,2021,/20(20|21)/ius,/20(20|21)/ius,0,0,/ビッケ[\\\\s・]?ポーラー[\\\\s・]?e/ius,/ビッケ[\\\\s・]?ポーラー[\\\\s・]?e/ius,,,20,20,0,0,20×1.95/20×2.125,20×1.95/20×2.125,T.Xレトログレージュ,T.Xレトログレージュ,/レトログレージュ/ius,/レトログレージュ/ius,143800,143800,25.5,25.5,15.4,15.4,30.8,30.8,78,78,63,63,56,56,内装3段,内装3段,138,138,147,147,700,700,クラス27標準装備,クラス27標準装備,0,0,0,0,2021-08-12,2021-08-12
40,41,41,ブリヂストン,ブリヂストン,ビッケ,ビッケ,ビッケ ポーラー e,ビッケ ポーラー e,0,0,BP0C40,BP0C40,0000-00-00,0000-00-00,2021,2021,/20(20|21)/ius,/20(20|21)/ius,0,0,/ビッケ[\\\\s・]?ポーラー[\\\\s・]?e/ius,/ビッケ[\\\\s・]?ポーラー[\\\\s・]?e/ius,,,20,20,0,0,20×1.95/20×2.125,20×1.95/20×2.125,T.レトロブルー,T.レトロブルー,/レトロブルー/ius,/レトロブルー/ius,143800,143800,25.5,25.5,15.4,15.4,30.8,30.8,78,78,63,63,56,56,内装3段,内装3段,138,138,147,147,700,700,クラス27標準装備,クラス27標準装備,0,0,0,0,2021-08-12,2021-08-12
41,42,42,ブリヂストン,ブリヂストン,ビッケ,ビッケ,ビッケ ポーラー e,ビッケ ポーラー e,0,0,BP0C40,BP0C40,0000-00-00,0000-00-00,2021,2021,/20(20|21)/ius,/20(20|21)/ius,0,0,/ビッケ[\\\\s・]?ポーラー[\\\\s・]?e/ius,/ビッケ[\\\\s・]?ポーラー[\\\\s・]?e/ius,,,20,20,0,0,20×1.95/20×2.125,20×1.95/20×2.125,M.Xソフトカーキ,M.Xソフトカーキ,/ソフトカーキ/ius,/ソフトカーキ/ius,143800,143800,25.5,25.5,15.4,15.4,30.8,30.8,78,78,63,63,56,56,内装3段,内装3段,138,138,147,147,700,700,クラス27標準装備,クラス27標準装備,0,0,0,0,2021-08-12,2021-08-12
42,43,43,ブリヂストン,ブリヂストン,ビッケ,ビッケ,ビッケ ポーラー e,ビッケ ポーラー e,0,0,BP0C40,BP0C40,0000-00-00,0000-00-00,2021,2021,/20(20|21)/ius,/20(20|21)/ius,0,0,/ビッケ[\\\\s・]?ポーラー[\\\\s・]?e/ius,/ビッケ[\\\\s・]?ポーラー[\\\\s・]?e/ius,,,20,20,0,0,20×1.95/20×2.125,20×1.95/20×2.125,T.アンバーブラウン,T.アンバーブラウン,/アンバーブラウン/ius,/アンバーブラウン/ius,143800,143800,25.5,25.5,15.4,15.4,30.8,30.8,78,78,63,63,56,56,内装3段,内装3段,138,138,147,147,700,700,クラス27標準装備,クラス27標準装備,0,0,0,0,2021-08-12,2021-08-12
43,44,44,ブリヂストン,ブリヂストン,ビッケ,ビッケ,ビッケ ポーラー e,ビッケ ポーラー e,0,0,BP0C40,BP0C40,0000-00-00,0000-00-00,2021,2021,/20(20|21)/ius,/20(20|21)/ius,0,0,/ビッケ[\\\\s・]?ポーラー[\\\\s・]?e/ius,/ビッケ[\\\\s・]?ポーラー[\\\\s・]?e/ius,,,20,20,0,0,20×1.95/20×2.125,20×1.95/20×2.125,E.XBKホワイト,E.XBKホワイト,/ホワイト/ius,/ホワイト/ius,143800,143800,25.5,25.5,15.4,15.4,30.8,30.8,78,78,63,63,56,56,内装3段,内装3段,138,138,147,147,700,700,クラス27標準装備,クラス27標準装備,0,0,0,0,2021-08-12,2021-08-12
44,45,45,ブリヂストン,ブリヂストン,ビッケ,ビッケ,ビッケ モブ dd,ビッケ モブ dd,0,0,BM0B40,BM0B40,0000-00-00,0000-00-00,2021,2021,/20(20|21)/ius,/20(20|21)/ius,0,0,/ビッケ[\\\\s・]?モブ[\\\\s・]?dd/ius,/ビッケ[\\\\s・]?モブ[\\\\s・]?dd/ius,,,24,24,0,0,24×1.75/20×2.125,24×1.75/20×2.125,E.XBKダークグレー ,E.XBKダークグレー ,/ダークグレー/ius,/ダークグレー/ius,148800,148800,36.5,36.5,9.9,9.9,33.4,33.4,115,115,80,80,50,50,内装3段,内装3段,142,142,152,152,725,725,クラス27標準装備,クラス27標準装備,0,0,0,0,2021-08-10,2021-08-10
45,46,46,ブリヂストン,ブリヂストン,ビッケ,ビッケ,ビッケ モブ dd,ビッケ モブ dd,0,0,BM0B40,BM0B40,0000-00-00,0000-00-00,2021,2021,/20(20|21)/ius,/20(20|21)/ius,0,0,/ビッケ[\\\\s・]?モブ[\\\\s・]?dd/ius,/ビッケ[\\\\s・]?モブ[\\\\s・]?dd/ius,,,24,24,0,0,24×1.75/20×2.125,24×1.75/20×2.125,E.XBKブルーグレー,E.XBKブルーグレー,/ブルーグレー/ius,/ブルーグレー/ius,148800,148800,36.5,36.5,9.9,9.9,33.4,33.4,115,115,80,80,50,50,内装3段,内装3段,142,142,152,152,725,725,クラス27標準装備,クラス27標準装備,0,0,0,0,2021-08-10,2021-08-10
46,47,47,ブリヂストン,ブリヂストン,ビッケ,ビッケ,ビッケ モブ dd,ビッケ モブ dd,0,0,BM0B40,BM0B40,0000-00-00,0000-00-00,2021,2021,/20(20|21)/ius,/20(20|21)/ius,0,0,/ビッケ[\\\\s・]?モブ[\\\\s・]?dd/ius,/ビッケ[\\\\s・]?モブ[\\\\s・]?dd/ius,,,24,24,0,0,24×1.75/20×2.125,24×1.75/20×2.125,E.Xネイビーグレー,E.Xネイビーグレー,/ネイビーグレー/ius,/ネイビーグレー/ius,148800,148800,36.5,36.5,9.9,9.9,33.4,33.4,115,115,80,80,50,50,内装3段,内装3段,142,142,152,152,725,725,クラス27標準装備,クラス27標準装備,0,0,0,0,2021-08-10,2021-08-10
47,48,48,ブリヂストン,ブリヂストン,ビッケ,ビッケ,ビッケ モブ dd,ビッケ モブ dd,0,0,BM0B40,BM0B40,0000-00-00,0000-00-00,2021,2021,/20(20|21)/ius,/20(20|21)/ius,0,0,/ビッケ[\\\\s・]?モブ[\\\\s・]?dd/ius,/ビッケ[\\\\s・]?モブ[\\\\s・]?dd/ius,,,24,24,0,0,24×1.75/20×2.125,24×1.75/20×2.125,E.Xオールドローズ,E.Xオールドローズ,/オールドローズ/ius,/オールドローズ/ius,148800,148800,36.5,36.5,9.9,9.9,33.4,33.4,115,115,80,80,50,50,内装3段,内装3段,142,142,152,152,725,725,クラス27標準装備,クラス27標準装備,0,0,0,0,2021-08-10,2021-08-10
48,49,49,ブリヂストン,ブリヂストン,ビッケ,ビッケ,ビッケ モブ dd,ビッケ モブ dd,0,0,BM0B40,BM0B40,0000-00-00,0000-00-00,2021,2021,/20(20|21)/ius,/20(20|21)/ius,0,0,/ビッケ[\\\\s・]?モブ[\\\\s・]?dd/ius,/ビッケ[\\\\s・]?モブ[\\\\s・]?dd/ius,,,24,24,0,0,24×1.75/20×2.125,24×1.75/20×2.125,E.Xモルベージュ,E.Xモルベージュ,/モルベージュ/ius,/モルベージュ/ius,148800,148800,36.5,36.5,9.9,9.9,33.4,33.4,115,115,80,80,50,50,内装3段,内装3段,142,142,152,152,725,725,クラス27標準装備,クラス27標準装備,0,0,0,0,2021-08-10,2021-08-10
49,50,50,ブリヂストン,ブリヂストン,ビッケ,ビッケ,ビッケ モブ dd,ビッケ モブ dd,0,0,BM0B40,BM0B40,0000-00-00,0000-00-00,2021,2021,/20(20|21)/ius,/20(20|21)/ius,0,0,/ビッケ[\\\\s・]?モブ[\\\\s・]?dd/ius,/ビッケ[\\\\s・]?モブ[\\\\s・]?dd/ius,,,24,24,0,0,24×1.75/20×2.125,24×1.75/20×2.125,E.XBKホワイト,E.XBKホワイト,/ホワイト/ius,/ホワイト/ius,148800,148800,36.5,36.5,9.9,9.9,33.4,33.4,115,115,80,80,50,50,内装3段,内装3段,142,142,152,152,725,725,クラス27標準装備,クラス27標準装備,0,0,0,0,2021-08-10,2021-08-10
50,51,51,ブリヂストン,ブリヂストン,,,ハイディ ツー,ハイディ ツー,0,0,HY6B40,HY6B40,0000-00-00,0000-00-00,2021,2021,/20(20|21)/ius,/20(20|21)/ius,0,0,/(HYDEE|ハイディ)[\\\\s.ー]?(ツー|2|II)/ius,/(HYDEE|ハイディ)[\\\\s.ー]?(ツー|2|II)/ius,,,26,26,1,1,26×1.95,26×1.95,T.Xクロツヤケシ,T.Xクロツヤケシ,/クロツヤケシ/ius,/クロツヤケシ/ius,154800,154800,36.5,36.5,9.9,9.9,30.9,30.9,120,120,85,85,52,52,内装3段,内装3段,145,145,157,157,745,745,クラス27標準装備,クラス27標準装備,0,0,0,0,2021-08-12,2021-08-12
51,52,52,ブリヂストン,ブリヂストン,,,ハイディ ツー,ハイディ ツー,0,0,HY6B40,HY6B40,0000-00-00,0000-00-00,2021,2021,/20(20|21)/ius,/20(20|21)/ius,0,0,/(HYDEE|ハイディ)[\\\\s.ー]?(ツー|2|II)/ius,/(HYDEE|ハイディ)[\\\\s.ー]?(ツー|2|II)/ius,,,26,26,1,1,26×1.95,26×1.95,E.Xホワイト,E.Xホワイト,/ホワイト/ius,/ホワイト/ius,154800,154800,36.5,36.5,9.9,9.9,30.9,30.9,120,120,85,85,52,52,内装3段,内装3段,145,145,157,157,745,745,クラス27標準装備,クラス27標準装備,0,0,0,0,2021-08-12,2021-08-12
52,53,53,ブリヂストン,ブリヂストン,,,ハイディ ツー,ハイディ ツー,0,0,HY6B40,HY6B40,0000-00-00,0000-00-00,2021,2021,/20(20|21)/ius,/20(20|21)/ius,0,0,/(HYDEE|ハイディ)[\\\\s.ー]?(ツー|2|II)/ius,/(HYDEE|ハイディ)[\\\\s.ー]?(ツー|2|II)/ius,,,26,26,1,1,26×1.95,26×1.95,T.XHネイビー,T.XHネイビー,/ネイビー/ius,/ネイビー/ius,154800,154800,36.5,36.5,9.9,9.9,30.9,30.9,120,120,85,85,52,52,内装3段,内装3段,145,145,157,157,745,745,クラス27標準装備,クラス27標準装備,0,0,0,0,2021-08-12,2021-08-12
53,54,54,ブリヂストン,ブリヂストン,,,ハイディ ツー,ハイディ ツー,0,0,HY6B40,HY6B40,0000-00-00,0000-00-00,2021,2021,/20(20|21)/ius,/20(20|21)/ius,0,0,/(HYDEE|ハイディ)[\\\\s.ー]?(ツー|2|II)/ius,/(HYDEE|ハイディ)[\\\\s.ー]?(ツー|2|II)/ius,,,26,26,1,1,26×1.95,26×1.95,T.XHカーキ,T.XHカーキ,/カーキ/ius,/カーキ/ius,154800,154800,36.5,36.5,9.9,9.9,30.9,30.9,120,120,85,85,52,52,内装3段,内装3段,145,145,157,157,745,745,クラス27標準装備,クラス27標準装備,0,0,0,0,2021-08-12,2021-08-12
54,55,55,ブリヂストン,ブリヂストン,,,ハイディ ツー,ハイディ ツー,0,0,HY6B40,HY6B40,0000-00-00,0000-00-00,2021,2021,/20(20|21)/ius,/20(20|21)/ius,0,0,/(HYDEE|ハイディ)[\\\\s.ー]?(ツー|2|II)/ius,/(HYDEE|ハイディ)[\\\\s.ー]?(ツー|2|II)/ius,,,26,26,1,1,26×1.95,26×1.95,F.Xアクティブレッド,F.Xアクティブレッド,/アクティブレッド/ius,/アクティブレッド/ius,154800,154800,36.5,36.5,9.9,9.9,30.9,30.9,120,120,85,85,52,52,内装3段,内装3段,145,145,157,157,745,745,クラス27標準装備,クラス27標準装備,0,0,0,0,2021-08-12,2021-08-12
55,56,56,パナソニック,パナソニック,ギュット,ギュット,ギュット・アニーズ・DX,ギュット・アニーズ・DX,0,0,BE-ELAD032,BE-ELAD032,0000-00-00,0000-00-00,2021,2021,/20(20|21)/ius,/20(20|21)/ius,0,0,/ギュット[\\\\s・]?アニーズ[\\\\s・]?dx/ius,/ギュット[\\\\s・]?アニーズ[\\\\s・]?dx/ius,,,20,20,1,1,20×2.125 HE,20×2.125 HE,マットジェットブラック,マットジェットブラック,/マットジェットブラック/ius,/マットジェットブラック/ius,139800,139800,25.2,25.2,16,16,34.2,34.2,80,80,60,60,50,50,内装3段,内装3段,142,142,155,155,735,735,クラス27標準装備,クラス27標準装備,0,0,0,0,2021-08-10,2021-08-10
56,57,57,パナソニック,パナソニック,ギュット,ギュット,ギュット・アニーズ・DX,ギュット・アニーズ・DX,0,0,BE-ELAD032,BE-ELAD032,0000-00-00,0000-00-00,2021,2021,/20(20|21)/ius,/20(20|21)/ius,0,0,/ギュット[\\\\s・]?アニーズ[\\\\s・]?dx/ius,/ギュット[\\\\s・]?アニーズ[\\\\s・]?dx/ius,,,20,20,1,1,20×2.125 HE,20×2.125 HE,ロイヤルレッド,ロイヤルレッド,/ロイヤルレッド/ius,/ロイヤルレッド/ius,139800,139800,25.2,25.2,16,16,34.2,34.2,80,80,60,60,50,50,内装3段,内装3段,142,142,155,155,735,735,クラス27標準装備,クラス27標準装備,0,0,0,0,2021-08-10,2021-08-10
57,58,58,パナソニック,パナソニック,ギュット,ギュット,ギュット・アニーズ・DX,ギュット・アニーズ・DX,0,0,BE-ELAD032,BE-ELAD032,0000-00-00,0000-00-00,2021,2021,/20(20|21)/ius,/20(20|21)/ius,0,0,/ギュット[\\\\s・]?アニーズ[\\\\s・]?dx/ius,/ギュット[\\\\s・]?アニーズ[\\\\s・]?dx/ius,,,20,20,1,1,20×2.125 HE,20×2.125 HE,マットフォースブラウン,マットフォースブラウン,/マットフォースブラウン/ius,/マットフォースブラウン/ius,139800,139800,25.2,25.2,16,16,34.2,34.2,80,80,60,60,50,50,内装3段,内装3段,142,142,155,155,735,735,クラス27標準装備,クラス27標準装備,0,0,0,0,2021-08-10,2021-08-10
58,59,59,パナソニック,パナソニック,ギュット,ギュット,ギュット・アニーズ・DX,ギュット・アニーズ・DX,0,0,BE-ELAD032,BE-ELAD032,0000-00-00,0000-00-00,2021,2021,/20(20|21)/ius,/20(20|21)/ius,0,0,/ギュット[\\\\s・]?アニーズ[\\\\s・]?dx/ius,/ギュット[\\\\s・]?アニーズ[\\\\s・]?dx/ius,,,20,20,1,1,20×2.125 HE,20×2.125 HE,マットネイビー,マットネイビー,/マットネイビー/ius,/マットネイビー/ius,139800,139800,25.2,25.2,16,16,34.2,34.2,80,80,60,60,50,50,内装3段,内装3段,142,142,155,155,735,735,クラス27標準装備,クラス27標準装備,0,0,0,0,2021-08-10,2021-08-10
59,60,60,パナソニック,パナソニック,ギュット,ギュット,ギュット・アニーズ・DX,ギュット・アニーズ・DX,0,0,BE-ELAD032,BE-ELAD032,0000-00-00,0000-00-00,2021,2021,/20(20|21)/ius,/20(20|21)/ius,0,0,/ギュット[\\\\s・]?アニーズ[\\\\s・]?dx/ius,/ギュット[\\\\s・]?アニーズ[\\\\s・]?dx/ius,,,20,20,1,1,20×2.125 HE,20×2.125 HE,デザートイエロー,デザートイエロー,/デザートイエロー/ius,/デザートイエロー/ius,139800,139800,25.2,25.2,16,16,34.2,34.2,80,80,60,60,50,50,内装3段,内装3段,142,142,155,155,735,735,クラス27標準装備,クラス27標準装備,0,0,0,0,2021-08-10,2021-08-10
60,61,61,パナソニック,パナソニック,ギュット,ギュット,ギュット・クルームR・DX,ギュット・クルームR・DX,0,0,BE-ELRD03,BE-ELRD03,0000-00-00,0000-00-00,2021,2021,/20(20|21)/ius,/20(20|21)/ius,0,0,/ギュット[\\\\s・]?クルームR[\\\\s・]?dx/ius,/ギュット[\\\\s・]?クルームR[\\\\s・]?dx/ius,,,20,20,1,1,20×2.125HE,20×2.125HE,マットチャコールブラック,マットチャコールブラック,/マットチャコールブラック/ius,/マットチャコールブラック/ius,142800,142800,25.2,25.2,16,16,33.1,33.1,80,80,60,60,50,50,内装3段,内装3段,142,142,155,155,735,735,クラス27標準装備,クラス27標準装備,0,0,0,0,2021-08-10,2021-08-10
61,62,62,パナソニック,パナソニック,ギュット,ギュット,ギュット・クルームR・DX,ギュット・クルームR・DX,0,0,BE-ELRD03,BE-ELRD03,0000-00-00,0000-00-00,2021,2021,/20(20|21)/ius,/20(20|21)/ius,0,0,/ギュット[\\\\s・]?クルームR[\\\\s・]?dx/ius,/ギュット[\\\\s・]?クルームR[\\\\s・]?dx/ius,,,20,20,1,1,20×2.125HE,20×2.125HE,マットオリーブ,マットオリーブ,/マットオリーブ/ius,/マットオリーブ/ius,142800,142800,25.2,25.2,16,16,33.1,33.1,80,80,60,60,50,50,内装3段,内装3段,142,142,155,155,735,735,クラス27標準装備,クラス27標準装備,0,0,0,0,2021-08-10,2021-08-10
62,63,63,パナソニック,パナソニック,ギュット,ギュット,ギュット・クルームR・DX,ギュット・クルームR・DX,0,0,BE-ELRD03,BE-ELRD03,0000-00-00,0000-00-00,2021,2021,/20(20|21)/ius,/20(20|21)/ius,0,0,/ギュット[\\\\s・]?クルームR[\\\\s・]?dx/ius,/ギュット[\\\\s・]?クルームR[\\\\s・]?dx/ius,,,20,20,1,1,20×2.125HE,20×2.125HE,フルーツパプリカ,フルーツパプリカ,/フルーツパプリカ/ius,/フルーツパプリカ/ius,142800,142800,25.2,25.2,16,16,33.1,33.1,80,80,60,60,50,50,内装3段,内装3段,142,142,155,155,735,735,クラス27標準装備,クラス27標準装備,0,0,0,0,2021-08-10,2021-08-10
63,64,64,パナソニック,パナソニック,ギュット,ギュット,ギュット・クルームR・DX,ギュット・クルームR・DX,0,0,BE-ELRD03,BE-ELRD03,0000-00-00,0000-00-00,2021,2021,/20(20|21)/ius,/20(20|21)/ius,0,0,/ギュット[\\\\s・]?クルームR[\\\\s・]?dx/ius,/ギュット[\\\\s・]?クルームR[\\\\s・]?dx/ius,,,20,20,1,1,20×2.125HE,20×2.125HE,マットキャメル,マットキャメル,/マットキャメル/ius,/マットキャメル/ius,142800,142800,25.2,25.2,16,16,33.1,33.1,80,80,60,60,50,50,内装3段,内装3段,142,142,155,155,735,735,クラス27標準装備,クラス27標準装備,0,0,0,0,2021-08-10,2021-08-10
64,65,65,パナソニック,パナソニック,ギュット,ギュット,ギュット・クルームR・DX,ギュット・クルームR・DX,0,0,BE-ELRD03,BE-ELRD03,0000-00-00,0000-00-00,2021,2021,/20(20|21)/ius,/20(20|21)/ius,0,0,/ギュット[\\\\s・]?クルームR[\\\\s・]?dx/ius,/ギュット[\\\\s・]?クルームR[\\\\s・]?dx/ius,,,20,20,1,1,20×2.125HE,20×2.125HE,マットネイビー,マットネイビー,/マットネイビー/ius,/マットネイビー/ius,142800,142800,25.2,25.2,16,16,33.1,33.1,80,80,60,60,50,50,内装3段,内装3段,142,142,155,155,735,735,クラス27標準装備,クラス27標準装備,0,0,0,0,2021-08-10,2021-08-10
65,66,66,パナソニック,パナソニック,ギュット,ギュット,ギュット・クルームR・DX,ギュット・クルームR・DX,0,0,BE-ELRD03,BE-ELRD03,0000-00-00,0000-00-00,2021,2021,/20(20|21)/ius,/20(20|21)/ius,0,0,/ギュット[\\\\s・]?クルームR[\\\\s・]?dx/ius,/ギュット[\\\\s・]?クルームR[\\\\s・]?dx/ius,,,20,20,1,1,20×2.125HE,20×2.125HE,ターコイズブルー,ターコイズブルー,/ターコイズブルー/ius,/ターコイズブルー/ius,142800,142800,25.2,25.2,16,16,33.1,33.1,80,80,60,60,50,50,内装3段,内装3段,142,142,155,155,735,735,クラス27標準装備,クラス27標準装備,0,0,0,0,2021-08-10,2021-08-10
66,67,67,パナソニック,パナソニック,ギュット,ギュット,ギュット・クルームR・EX,ギュット・クルームR・EX,0,0,BE-ELRE03,BE-ELRE03,0000-00-00,0000-00-00,2021,2021,/20(20|21)/ius,/20(20|21)/ius,0,0,/ギュット[\\\\s・]?クルームR[\\\\s・]?ex/ius,/ギュット[\\\\s・]?クルームR[\\\\s・]?ex/ius,,,20,20,1,1,20×2.125HE,20×2.125HE,マットチャコールブラック,マットチャコールブラック,/マットチャコールブラック/ius,/マットチャコールブラック/ius,161800,161800,25.2,25.2,16,16,33.4,33.4,80,80,60,60,50,50,内装3段,内装3段,142,142,155,155,735,735,クラス27標準装備,クラス27標準装備,0,0,0,0,2021-08-10,2021-08-10
67,68,68,パナソニック,パナソニック,ギュット,ギュット,ギュット・クルームR・EX,ギュット・クルームR・EX,0,0,BE-ELRE03,BE-ELRE03,0000-00-00,0000-00-00,2021,2021,/20(20|21)/ius,/20(20|21)/ius,0,0,/ギュット[\\\\s・]?クルームR[\\\\s・]?ex/ius,/ギュット[\\\\s・]?クルームR[\\\\s・]?ex/ius,,,20,20,1,1,20×2.125HE,20×2.125HE,マットオリーブ,マットオリーブ,/マットオリーブ/ius,/マットオリーブ/ius,161800,161800,25.2,25.2,16,16,33.4,33.4,80,80,60,60,50,50,内装3段,内装3段,142,142,155,155,735,735,クラス27標準装備,クラス27標準装備,0,0,0,0,2021-08-10,2021-08-10
68,69,69,パナソニック,パナソニック,ギュット,ギュット,ギュット・クルームR・EX,ギュット・クルームR・EX,0,0,BE-ELRE03,BE-ELRE03,0000-00-00,0000-00-00,2021,2021,/20(20|21)/ius,/20(20|21)/ius,0,0,/ギュット[\\\\s・]?クルームR[\\\\s・]?ex/ius,/ギュット[\\\\s・]?クルームR[\\\\s・]?ex/ius,,,20,20,1,1,20×2.125HE,20×2.125HE,オレンジ×グレー,オレンジ×グレー,/オレンジ×グレー/ius,/オレンジ×グレー/ius,161800,161800,25.2,25.2,16,16,33.4,33.4,80,80,60,60,50,50,内装3段,内装3段,142,142,155,155,735,735,クラス27標準装備,クラス27標準装備,0,0,0,0,2021-08-10,2021-08-10
69,70,70,パナソニック,パナソニック,ギュット,ギュット,ギュット・クルームR・EX,ギュット・クルームR・EX,0,0,BE-ELRE03,BE-ELRE03,0000-00-00,0000-00-00,2021,2021,/20(20|21)/ius,/20(20|21)/ius,0,0,/ギュット[\\\\s・]?クルームR[\\\\s・]?ex/ius,/ギュット[\\\\s・]?クルームR[\\\\s・]?ex/ius,,,20,20,1,1,20×2.125HE,20×2.125HE,マットキャメル,マットキャメル,/マットキャメル/ius,/マットキャメル/ius,161800,161800,25.2,25.2,16,16,33.4,33.4,80,80,60,60,50,50,内装3段,内装3段,142,142,155,155,735,735,クラス27標準装備,クラス27標準装備,0,0,0,0,2021-08-10,2021-08-10
70,71,71,パナソニック,パナソニック,ギュット,ギュット,ギュット・クルームR・EX,ギュット・クルームR・EX,0,0,BE-ELRE03,BE-ELRE03,0000-00-00,0000-00-00,2021,2021,/20(20|21)/ius,/20(20|21)/ius,0,0,/ギュット[\\\\s・]?クルームR[\\\\s・]?ex/ius,/ギュット[\\\\s・]?クルームR[\\\\s・]?ex/ius,,,20,20,1,1,20×2.125HE,20×2.125HE,マットネイビー,マットネイビー,/マットネイビー/ius,/マットネイビー/ius,161800,161800,25.2,25.2,16,16,33.4,33.4,80,80,60,60,50,50,内装3段,内装3段,142,142,155,155,735,735,クラス27標準装備,クラス27標準装備,0,0,0,0,2021-08-10,2021-08-10
71,72,72,パナソニック,パナソニック,ギュット,ギュット,ギュット・クルームR・EX,ギュット・クルームR・EX,0,0,BE-ELRE03,BE-ELRE03,0000-00-00,0000-00-00,2021,2021,/20(20|21)/ius,/20(20|21)/ius,0,0,/ギュット[\\\\s・]?クルームR[\\\\s・]?ex/ius,/ギュット[\\\\s・]?クルームR[\\\\s・]?ex/ius,,,20,20,1,1,20×2.125HE,20×2.125HE,マットハニー,マットハニー,/マットハニー/ius,/マットハニー/ius,161800,161800,25.2,25.2,16,16,33.4,33.4,80,80,60,60,50,50,内装3段,内装3段,142,142,155,155,735,735,クラス27標準装備,クラス27標準装備,0,0,0,0,2021-08-10,2021-08-10
72,73,73,パナソニック,パナソニック,ギュット,ギュット,ギュット・クルーム・DX,ギュット・クルーム・DX,0,0,BE-ELFD032A,BE-ELFD032A,0000-00-00,0000-00-00,2021,2021,/20(20|21)/ius,/20(20|21)/ius,0,0,/ギュット[\\\\s・]?クルーム[\\\\s・]?dx/ius,/ギュット[\\\\s・]?クルーム[\\\\s・]?dx/ius,,,20,20,1,1,20×1.95HE,20×1.95HE,マットオリーブ,マットオリーブ,/マットオリーブ/ius,/マットオリーブ/ius,149800,149800,25.2,25.2,16,16,32.9,32.9,80,80,60,60,50,50,内装3段,内装3段,142,142,154,154,730,730,クラス27標準装備,クラス27標準装備,0,0,0,0,2021-08-10,2021-08-10
73,74,74,パナソニック,パナソニック,ギュット,ギュット,ギュット・クルーム・DX,ギュット・クルーム・DX,0,0,BE-ELFD032A,BE-ELFD032A,0000-00-00,0000-00-00,2021,2021,/20(20|21)/ius,/20(20|21)/ius,0,0,/ギュット[\\\\s・]?クルーム[\\\\s・]?dx/ius,/ギュット[\\\\s・]?クルーム[\\\\s・]?dx/ius,,,20,20,1,1,20×1.95HE,20×1.95HE,マットディープグレー,マットディープグレー,/マットディープグレー/ius,/マットディープグレー/ius,149800,149800,25.2,25.2,16,16,32.9,32.9,80,80,60,60,50,50,内装3段,内装3段,142,142,154,154,730,730,クラス27標準装備,クラス27標準装備,0,0,0,0,2021-08-10,2021-08-10
74,75,75,パナソニック,パナソニック,ギュット,ギュット,ギュット・クルーム・DX,ギュット・クルーム・DX,0,0,BE-ELFD032A,BE-ELFD032A,0000-00-00,0000-00-00,2021,2021,/20(20|21)/ius,/20(20|21)/ius,0,0,/ギュット[\\\\s・]?クルーム[\\\\s・]?dx/ius,/ギュット[\\\\s・]?クルーム[\\\\s・]?dx/ius,,,20,20,1,1,20×1.95HE,20×1.95HE,モダングレー,モダングレー,/モダングレー/ius,/モダングレー/ius,149800,149800,25.2,25.2,16,16,32.9,32.9,80,80,60,60,50,50,内装3段,内装3段,142,142,154,154,730,730,クラス27標準装備,クラス27標準装備,0,0,0,0,2021-08-10,2021-08-10
75,76,76,パナソニック,パナソニック,ギュット,ギュット,ギュット・クルーム・DX,ギュット・クルーム・DX,0,0,BE-ELFD032A,BE-ELFD032A,0000-00-00,0000-00-00,2021,2021,/20(20|21)/ius,/20(20|21)/ius,0,0,/ギュット[\\\\s・]?クルーム[\\\\s・]?dx/ius,/ギュット[\\\\s・]?クルーム[\\\\s・]?dx/ius,,,20,20,1,1,20×1.95HE,20×1.95HE,マットネイビー,マットネイビー,/マットネイビー/ius,/マットネイビー/ius,149800,149800,25.2,25.2,16,16,32.9,32.9,80,80,60,60,50,50,内装3段,内装3段,142,142,154,154,730,730,クラス27標準装備,クラス27標準装備,0,0,0,0,2021-08-10,2021-08-10
76,77,77,パナソニック,パナソニック,ギュット,ギュット,ギュット・クルーム・DX,ギュット・クルーム・DX,0,0,BE-ELFD032A,BE-ELFD032A,0000-00-00,0000-00-00,2021,2021,/20(20|21)/ius,/20(20|21)/ius,0,0,/ギュット[\\\\s・]?クルーム[\\\\s・]?dx/ius,/ギュット[\\\\s・]?クルーム[\\\\s・]?dx/ius,,,20,20,1,1,20×1.95HE,20×1.95HE,グレイッシュレディブルー,グレイッシュレディブルー,/グレイッシュレディブルー/ius,/グレイッシュレディブルー/ius,149800,149800,25.2,25.2,16,16,32.9,32.9,80,80,60,60,50,50,内装3段,内装3段,142,142,154,154,730,730,クラス27標準装備,クラス27標準装備,0,0,0,0,2021-08-10,2021-08-10
77,78,78,パナソニック,パナソニック,ギュット,ギュット,ギュット・クルーム・DX,ギュット・クルーム・DX,0,0,BE-ELFD032A,BE-ELFD032A,0000-00-00,0000-00-00,2021,2021,/20(20|21)/ius,/20(20|21)/ius,0,0,/ギュット[\\\\s・]?クルーム[\\\\s・]?dx/ius,/ギュット[\\\\s・]?クルーム[\\\\s・]?dx/ius,,,20,20,1,1,20×1.95HE,20×1.95HE,マットハニー,マットハニー,/マットハニー/ius,/マットハニー/ius,149800,149800,25.2,25.2,16,16,32.9,32.9,80,80,60,60,50,50,内装3段,内装3段,142,142,154,154,730,730,クラス27標準装備,クラス27標準装備,0,0,0,0,2021-08-10,2021-08-10
78,79,79,パナソニック,パナソニック,ギュット,ギュット,ギュット・クルーム・EX,ギュット・クルーム・EX,0,0,BE-ELFE032A,BE-ELFE032A,0000-00-00,0000-00-00,2021,2021,/20(20|21)/ius,/20(20|21)/ius,0,0,/ギュット[\\\\s・]?クルーム[\\\\s・]?ex/ius,/ギュット[\\\\s・]?クルーム[\\\\s・]?ex/ius,,,20,20,1,1,20×1.95HE,20×1.95HE,マットディープグレー,マットディープグレー,/マットディープグレー/ius,/マットディープグレー/ius,165800,165800,25.2,25.2,16,16,33.3,33.3,80,80,60,60,50,50,内装3段,内装3段,142,142,154,154,730,730,クラス27標準装備,クラス27標準装備,0,0,0,0,2021-08-10,2021-08-10
79,80,80,パナソニック,パナソニック,ギュット,ギュット,ギュット・クルーム・EX,ギュット・クルーム・EX,0,0,BE-ELFE032A,BE-ELFE032A,0000-00-00,0000-00-00,2021,2021,/20(20|21)/ius,/20(20|21)/ius,0,0,/ギュット[\\\\s・]?クルーム[\\\\s・]?ex/ius,/ギュット[\\\\s・]?クルーム[\\\\s・]?ex/ius,,,20,20,1,1,20×1.95HE,20×1.95HE,シアースカーレット,シアースカーレット,/シアースカーレット/ius,/シアースカーレット/ius,165800,165800,25.2,25.2,16,16,33.3,33.3,80,80,60,60,50,50,内装3段,内装3段,142,142,154,154,730,730,クラス27標準装備,クラス27標準装備,0,0,0,0,2021-08-10,2021-08-10
80,81,81,パナソニック,パナソニック,ギュット,ギュット,ギュット・クルーム・EX,ギュット・クルーム・EX,0,0,BE-ELFE032A,BE-ELFE032A,0000-00-00,0000-00-00,2021,2021,/20(20|21)/ius,/20(20|21)/ius,0,0,/ギュット[\\\\s・]?クルーム[\\\\s・]?ex/ius,/ギュット[\\\\s・]?クルーム[\\\\s・]?ex/ius,,,20,20,1,1,20×1.95HE,20×1.95HE,マットマロンベージュ,マットマロンベージュ,/マットマロンベージュ/ius,/マットマロンベージュ/ius,165800,165800,25.2,25.2,16,16,33.3,33.3,80,80,60,60,50,50,内装3段,内装3段,142,142,154,154,730,730,クラス27標準装備,クラス27標準装備,0,0,0,0,2021-08-10,2021-08-10
81,82,82,パナソニック,パナソニック,ギュット,ギュット,ギュット・クルーム・EX,ギュット・クルーム・EX,0,0,BE-ELFE032A,BE-ELFE032A,0000-00-00,0000-00-00,2021,2021,/20(20|21)/ius,/20(20|21)/ius,0,0,/ギュット[\\\\s・]?クルーム[\\\\s・]?ex/ius,/ギュット[\\\\s・]?クルーム[\\\\s・]?ex/ius,,,20,20,1,1,20×1.95HE,20×1.95HE,マットネイビー,マットネイビー,/マットネイビー/ius,/マットネイビー/ius,165800,165800,25.2,25.2,16,16,33.3,33.3,80,80,60,60,50,50,内装3段,内装3段,142,142,154,154,730,730,クラス27標準装備,クラス27標準装備,0,0,0,0,2021-08-10,2021-08-10
82,83,83,パナソニック,パナソニック,ギュット,ギュット,ギュット・クルーム・EX,ギュット・クルーム・EX,0,0,BE-ELFE032A,BE-ELFE032A,0000-00-00,0000-00-00,2021,2021,/20(20|21)/ius,/20(20|21)/ius,0,0,/ギュット[\\\\s・]?クルーム[\\\\s・]?ex/ius,/ギュット[\\\\s・]?クルーム[\\\\s・]?ex/ius,,,20,20,1,1,20×1.95HE,20×1.95HE,グレイッシュレディブルー,グレイッシュレディブルー,/グレイッシュレディブルー/ius,/グレイッシュレディブルー/ius,165800,165800,25.2,25.2,16,16,33.3,33.3,80,80,60,60,50,50,内装3段,内装3段,142,142,154,154,730,730,クラス27標準装備,クラス27標準装備,0,0,0,0,2021-08-10,2021-08-10
83,84,84,パナソニック,パナソニック,ギュット,ギュット,ギュット･アニーズ・DX・26,ギュット･アニーズ・DX・26,0,0,BE-ELAD632,BE-ELAD632,0000-00-00,0000-00-00,2021,2021,/20(20|21)/ius,/20(20|21)/ius,0,0,/ギュット[\\\\s・]?アニーズ[\\\\s・]?dx[\\\\s・]?26/ius,/ギュット[\\\\s・]?アニーズ[\\\\s・]?dx[\\\\s・]?26/ius,,,26,26,1,1,26×1.75 HE,26×1.75 HE,マットジェットブラック,マットジェットブラック,/マットジェットブラック/ius,/マットジェットブラック/ius,139800,139800,25.2,25.2,16,16,34.3,34.3,96,96,70,70,60,60,内装3段,内装3段,146,146,162,162,765,765,クラス27標準装備,クラス27標準装備,0,0,0,0,2021-08-10,2021-08-10
84,85,85,パナソニック,パナソニック,ギュット,ギュット,ギュット･アニーズ・DX・26,ギュット･アニーズ・DX・26,0,0,BE-ELAD632,BE-ELAD632,0000-00-00,0000-00-00,2021,2021,/20(20|21)/ius,/20(20|21)/ius,0,0,/ギュット[\\\\s・]?アニーズ[\\\\s・]?dx[\\\\s・]?26/ius,/ギュット[\\\\s・]?アニーズ[\\\\s・]?dx[\\\\s・]?26/ius,,,26,26,1,1,26×1.75 HE,26×1.75 HE,マットディープグリーン,マットディープグリーン,/マットディープグリーン/ius,/マットディープグリーン/ius,139800,139800,25.2,25.2,16,16,34.3,34.3,96,96,70,70,60,60,内装3段,内装3段,146,146,162,162,765,765,クラス27標準装備,クラス27標準装備,0,0,0,0,2021-08-10,2021-08-10
85,86,86,パナソニック,パナソニック,ギュット,ギュット,ギュット･アニーズ・DX・26,ギュット･アニーズ・DX・26,0,0,BE-ELAD632,BE-ELAD632,0000-00-00,0000-00-00,2021,2021,/20(20|21)/ius,/20(20|21)/ius,0,0,/ギュット[\\\\s・]?アニーズ[\\\\s・]?dx[\\\\s・]?26/ius,/ギュット[\\\\s・]?アニーズ[\\\\s・]?dx[\\\\s・]?26/ius,,,26,26,1,1,26×1.75 HE,26×1.75 HE,デザートイエロー,デザートイエロー,/デザートイエロー/ius,/デザートイエロー/ius,139800,139800,25.2,25.2,16,16,34.3,34.3,96,96,70,70,60,60,内装3段,内装3段,146,146,162,162,765,765,クラス27標準装備,クラス27標準装備,0,0,0,0,2021-08-10,2021-08-10
'